nazwa firmy;województwo;miejscowość;ulica;kod pocztowy;osoba kontaktowa;telefon (jak się uda);adres www;zatrudnienie;nip;regon;
NOWINA KONOPKA - Platformowe Systemy Parkingowe;małopolskie;Kraków;Sławkowska 12;31-014;Gabriel Konopka Tel
Gardenae - Architektura Krajobrazu;wielkopolskie;Poznań;Skryta 15;60-779 Tel
AKCENT s.c.;śląskie;Katowice;Graniczna 61b Tel
GREEN DESIGNERS S.C.;mazowieckie;Warszawa;Jadźwingów 5/7 lok. 98;02-692;Marcin Wiesner Tel
Ogrody Skalne;małopolskie;Nowa Góra;Paryż 160;32-065;Janusz Chmiel Tel
Gemma - bezpieczeństwo i kontrola;dolnośląskie;Wrocław;Kościuszki 34;50-012;Piotr Porożyński Tel
Gordo Studio;mazowieckie;Warszawa;Kordeckiego 63;04-330;Weronika Gładka Tel
MEZZANO;pomorskie;Wejherowo;Krasińskiego 6;84-200 Tel
Wytwórnia Tlenu - ogrody z atmosferą Wrocław;dolnośląskie;Wrocław;Sierakowskiego 7;51-678;Michał Kubera Tel
P. W. Jarosław Sieradzki;lubelskie;Tomaszów Lubelski;Majdańska 8;22-600;Jarosław Sieradzki Tel

