id,www,nip
3,www.mayslogistic.pl,5512573345
5,www.fotodom24.pl,8992687701
7,www.coman.es,5252479186
8,www.grzybekhorbowski.pl,5372570506
16,www.libra.olsztyn.pl,7393772185
21,www.polherz.pl,6762412052
22,www.cityhomes.com.pl,5342438015
25,www.quality-hotels.pl,6772337263
35,www.greenandjoy.pl,8792616955
43,www.agrosab.pl,9182135169
44,www.sl-service.pl,5242698975
56,www.new.damart.szczecin.pl,8522242539
59,www.multiconcepts.pl,7010215220
62,www.starkagrupa.pl,7010217733
67,www.olrlegal.com,5272621339
73,www.laurenpeso.pl,6272595631
80,www.nitrogenpolska.pl,9372614128
89,www.lemurtravel.pl,5242698923
103,www.znanylekarz.pl,7010224868
113,www.karbowniklogistics.pl,8942992313
117,www.generiks.pl,7712835147
118,www.revoseals.pl,9131603991
120,www.teczowyogrod.com.pl,5213553582
122,www.multisms.com.pl,5140316757
125,www.mr-house.eu,5272620742
127,www.posmfactory.com,9512304305
129,www.astheo.eu,6762414128
134,www.wod-kan-bruk.za.pl,8262156925
136,www.spedition-atl.pl,1182019996
137,www.mercon.pl,8883061405
138,www.expo4u.pl,5272621635
142,www.sunny4you.pl,8971759536
153,www.fallwork.pl,7811846734
159,www.biuroskarbek.pl,7542997677
160,www.porodyczestochowa.pl,5732790872
163,www.motoimperium.eu,7393775982
165,www.nieruchomoscibes.pl,6342735104
171,www.kscamper.pl,7621941286
173,www.aduma.pl,8942992201
178,www.skw.pl,6150025163
202,www.gfdpd.com.pl,7722372507
208,www.przemyslowa15.pl,6762414594
213,www.artlab.pl,5252471492
217,www.adeal.pl,5361882716
223,www.openoffice.com.pl,5252474438
232,www.lumenmax.eu,6391975363
234,www.eurochance.pl,9580986085
239,www.ceii.plwww.stronaszkoleniowa.pl,7811848147
246,www.streetcom.pl,7010224644
271,www.kuznicki-pasieka.com.pl,8942756305
273,www.isk.pl,5731029185
280,www.viamoda.edu.pl,1132791306
281,www.eltron.net.pl,5691850659
290,www.donnamarzia.com,5792211369
310,www.polskibus.com,5252475685
321,www.ecoam.pl,8513112961
330,www.ekoeg.com.pl,7133039648
331,www.enertech.com.pl,5272621210
335,www.sohogroup.pl,5272626383
339,www.towarzystwoekonomiczne.pl,6321986597
340,www.totalevents.pl,7282739983
348,www.alpida.pl,5213560197
350,www.gaklimatyzacja.pl,8961497282
351,www.fernigo.com,1132786475
352,www.centrofashion.com,5252475656
356,www.rodstudio.pl,9512304914
367,www.kzpt.pl,6180041540
370,www.n-b-q.pl,8522569051
373,www.teleart.pl,8992685808
374,www.innoagh.pl,6772340727
387,www.metro-together.ngb.pl,6922481146
394,www.add-polska.pl,7010232922
399,www.3labs.pl,5361884626
401,www.grima.com.pl,5272618797
403,www.trakor.com.pl,5671874556
404,www.bmaf.pl,5361884201
406,www.vcpoland.pl,5213561848
409,www.auto-remont.bai.pl,7692187649
410,www.automag.com.pl,6452195270
411,www.getitfitness.pl,6912461366
417,www.sklep.redboxsport.pl,6342739160
418,www.rentpol.com.pl,6131555871
420,www.limes.op.pl,8842713035
432,www.pomniki.org,6621790438
434,www.ex-lege.pl,8951972652
435,www.logicall.pl,7542999096
439,www.sigma-ochrona.com.pl,8371788328
440,www.panaceum.halemba.pl,6412497556
441,www.add-polska.pl,7010229392
443,www.energopuls.pl,6161544820
445,www.spectec.pl,9571034066
446,www.reminstal.pl,6312581659
447,www.egsystem.pl,5213552105
448,www.jdbsa.pl,5732777110
461,www.reelocon.pl,7282747273
466,www.biuroata.pl,6292433529
475,www.katmark.it,5291776304
484,www.bikersworld.pl,5842690812
493,www.interglobus.pl,8561678548
498,www.alcaplast.pl,9372618244
509,www.dongeiovanni.pl,7851765172
526,www.arsand.pl,6391408411
528,www.logius.pl,9281941695
533,www.schody-laskowski.pl,7962234466
536,www.piotrraczkowski.pl,9121774076
537,www.fotokorporacja.pl,6252237609
539,www.estiloprojekty.pl,7322090567
549,www.enesys.pl,6391155387
565,www.7rswebstudio.pl,7521033402
574,www.skladsznurowadel.blox.pl,6761516967
595,www.skalo.pl,6112627718
596,www.metal-profil.pl,7541913299
620,www.kozeraautoszkola.pl,7391709834
625,www.parking.auto.pl,6451576320
628,www.matimedia.pl,6941620525
691,www.deploy.pl,6443429082
707,www.kreatywnefoto.pl,6772206911
716,www.asprofit.co,5291750552
730,www.anglozof.pl,8392833821
747,www.dogfield.pl,6921042858
769,www.simpleav.pl,9481825551
781,www.etude.pl,7532248081
790,www.instalacje-wroclaw.pl,8992524637
792,www.matisport.pl,7281290446
795,www.anteczek.pl,7361607968
799,www.sklep6sisinvert.pl,6621678291
836,www.ski.karpacz.pl,6111205949
851,www.kancelaria-adwokacka-lodz.com,7282189301
857,www.adwaugustyn.jky.pl,5971075227
874,www.adwokat.ckg.pl,6111530721
945,www.aqua-rain.pl,6792945600
952,www.jomisilv.pl,6772207537
961,www.ketz.pl,6792881308
987,www.qdental.net.pl,8991658175
1111,www.puaczstomatologia.pl,7811787517
1167,www.pratero.pl,7742666152
1173,www.bezproblemu.com,7281774055
1181,www.si-bartoszyce.com.pl,7431228088
1235,www.rehabilitacja-warszawa.com.pl,5213331025
1240,www.geodezjagryfow.pl,6131408153
1253,www.jadorna.com,7811826306
1258,www.knbiuro.pl,6462160310
1260,www.panoramaszczyrk.pl,9511288797
1264,www.slonecznik.com,8222198627
1274,www.radjacmar.prv.pl,7393350107
1289,www.primed-poznan.pl,7811679555
1292,www.razoo.pl,5782467009
1328,www.merit.pl,5242506616
1371,www.ewolucja.pl,5251541109
1443,www.agus-firma.pl.tl,5272378672
1456,www.pieciolinia.eprzedszkola.pl,9512143635
1490,www.infans.pl,6641494111
1510,www.humandirect.pl,7162662321
1511,www.qbikdesign.com.pl,9521962485
1512,www.smartbrains.pl,9511523057
1514,www.kmpankiewicz.pl,5251582947
1517,www.exploter.pl,9511993403
1590,www.laserkam.pl,5241268818
1596,www.podnosniki-koszowe.pl,9522074947
1635,www.wyrobyhutnicze-wema.pl,6191795521
1647,www.mltransport.pl,8982083083
1650,www.agmipol.pl,8992589708
1661,www.klosbhp.eu,8981997036
1672,www.chrust.eu,6681362717
1674,www.lcemajewski.pl,9221765384
1687,www.qube.info.pl,7712664467
1697,www.fabian.mnc.pl,7321505084
1702,www.atelieremerald.com,7251131192
1729,www.mikolajkrol.pl,7822046405
1739,www.komplus.it,9720541697
1749,www.sidma.pl,7811035680
1758,www.art-bonsai.pl,8541726764
1762,www.rositell.pl,7791033197
1766,www.studiocichy.pl,7822303954
1814,www.nieruchomosci-mw.com.pl,5532438308
1864,www.vivz.pl/ubezpieczenia-bierun,2220556947
1881,www.b-good.at,5482437949
1894,www.icesolve.com,6472338672
1912,www.wokopack.pl,5321876224
1917,www.problysk.pl,9181966112
1919,www.klimafix.pl,9591235098
1933,www.tomaszny.pl,6471071422
1937,www.presente.pl,9730844436
1944,www.ksiegarniakonin.pl,6651662219
1949,www.lewiatan.pl,5991485773
1979,www.sitatechniczne.pl,6561915326
1988,www.schwalbe.net.pl,6741196910
1991,www.irisjaslo.pl,6852167165
2009,www.szukaj-rozwiazan.pl,7421030025
2073,www.id2it.pl,5811789047
2083,www.carpatusteam.pl,8431574974
2086,www.rbud-rumia.pl,9580595485
2088,www.electrotech.pl,9580065764
2091,www.verso-plytki.pl,5921965924
2132,www.adwokatgrzywacz.pl,6371953619
2134,www.muzyczka.info.pl,7921945762
2137,www.gilewicz.info,7121546859
2143,www.sikora-kancelaria.pl,6381345956
2163,www.biuro-prestiz.com,8531238661
2166,www.michalskakuj.com,5841312628
2180,www.taxserviceprzemysl.pl,7951848526
2195,www.gamawroclaw.com.pl,6921990822
2208,www.auto-szkola.net,7451013669
2233,www.centrumwellness.net,7952101597
2234,www.biurokolodziej.pl,7951842340
2236,www.fabryka.rybnik.pl,6342485624
2246,www.actenia.pl,5561403459
2249,www.hainet.pl,5992807960
2256,www.ener-dom.pl,7780164760
2260,www.saunap.com.pl,7791995045
2261,www.polconfex.com.pl,7792060799
2264,www.grind.com.pl,7811643184
2270,www.betteroffice.pl,7831559759
2273,www.reha-fit.pl,9661484689
2276,www.alpinjet.pl,9720958523
2278,www.onkologiagdynia.pl,5851017049
2283,www.artofmove.pl,6671647275
2286,www.mexicanawagrowiec.za.pl,7661599635
2298,www.artofmove.pl,8471398650
2305,www.art-dent.info,8212290610
2311,www.mieczkowski.wroclaw.pl,9121183406
2336,www.sklep.procosmetics.pl,6912340898
2339,www.plan-projekt.biz,8941675177
2346,www.znanyszklarz.pl,8942928315
2366,www.kancelaria-zielinski.pl,9570827362
2368,www.prokam.com.pl,7271639367
2370,www.bangbangdesign.pl,9570897776
2372,www.elektro-volt.prv.pl,7271094904
2373,www.jumper.biz.pl,7281125492
2388,www.metal-hurt.pl,7290117894
2392,www.kawalgdansk.pl,5831862770
2418,www.automatykaserwis.com,9532475240
2421,www.rk-biuro.pl,5541071675
2455,www.promes.com.pl,9671128157
2459,www.ravart.pl,9532411843
2474,www.pracowniaslubna.net,8661593567
2477,www.biobyte.pl,6312431144
2479,www.abcgsm.pl,6441031228
2496,www.centrumeeg.pl,5732535269
2500,www.najlepszekarmy.pl,6442897295
2501,www.tachotax.olsztyn.pl,7391855470
2504,www.gardom.republika.pl,9591412407
2517,www.plywak.bytom.pl,6262596876
2523,www.mbconsulting.pl,9581226620
2544,www.malvinox.com,6262667820
2558,www.ewan.czest.pl,5732183089
2561,www.tajm.cze.pl,5730101905
2566,www.miza-reh.home.pl,9491813271
2568,www.kwiaciarniachiko.za.pl,7741233505
2586,www.optykoko.com,8792100602
2595,www.amicustravel.pl,8781405640
2610,www.stermag.pl,8821954087
2618,www.geservices.pl,9880006582
2624,www.keten.com.pl,8992545220
2625,www.travelcreation.pl,8862613242
2636,www.sigmali.pl,8951725238
2643,www.increated.com,8942761157
2645,www.zui-intech.pl,9730071980
2664,www.acentoespanol.pl,7010061596
2684,www.geopalbud.pl,8133283774
2694,www.dermestetic.pl,9181305675
2700,www.salwador.szczecin.pl,8521651980
2726,www.certyfikat-energetyczny.org.pl,8511037698
2739,www.koordynator-uslugi.pl,5441094613
2744,www.gelender.pl,5471572483
2755,www.mitryk.com.pl,9372116583
2756,www.mitryk.com.pl,9371740581
2760,www.koma.bls.pl,5472018783
2761,www.hewiterm.com.pl,5471921268
2773,www.aplast.radom.pl,7961025453
2793,www.bhpserwis.com,6412299833
2796,www.phu-daki.eu,6412419898
2797,www.przeciwzalaniu.pl,6412360751
2819,www.tipsydojazd.pl,6472476049
2835,www.kwiaciarnia-bytom.pl,6261951140
2842,www.cantech.pl,8531445207
2881,www.madafit.pl,8882711700
2891,www.marzedekoracje.pl,9680003372
2915,www.jolmal.vgh.pl,7342447475
2917,www.drukiszkolne.pl,7342736067
2918,www.matematyka-max.pl,7342686412
2920,www.kalina-art.pl,7341070034
2925,www.zgloszenie.felixrtv.pl,6111644301
2928,www.jacekligocki.pl,6111112716
2929,www.sentient.pl,6112141542
2967,www.kamanet.pl,5992419063
2975,www.techbud-handel.pl,7642393418
2993,www.ibtransport.pl,6221231333
3014,www.kkwadrat.com,9222418561
3039,www.psychiatra.mielec.pl,8171930454
3047,www.zniszczol.eu,6511431595
3058,www.tniemyraty.pl,8841273485
3062,www.nieruchomosci-dominium.pl,5932311907
3104,www.amberclub.pl,5931236500
3119,www.kubusiowyswiat.pl,9542335084
3129,www.eko-era.eu,6842520826
3130,www.swiatpaneli.net.pl,6291608760
3136,www.kristal-balustrady.pl,6671174279
3149,www.houseoutlet.pl,5321427934
